number,platform,device,language,screen,filename,width,height,format,alpha,file_size,source,headline,alt_text,upload_destination,prompt_file,validation
01,Google Play,Phone,ar,Dashboard,01_GOOGLE_PLAY/PHONE_AR/01_dashboard_ar_google_1080x1920.png,1080,1920,PNG,none,242850,04_SOURCE_SCREENSHOTS/ANDROID/AR/01_dashboard_ar.png,اعرف ما لك وما عليك,لوحة ذِمّة الرئيسية تعرض ما للمستخدم وما عليه وما يحتاج إلى متابعة.,Google Play Console > Main store listing > Phone screenshots > Arabic (ar),05_NANO_BANANA_PROMPTS/GOOGLE_PLAY/01_dashboard_ar_google_nano_banana_prompt.md,06_VALIDATION/dimension_report.csv
02,Google Play,Phone,ar,Add debt,01_GOOGLE_PLAY/PHONE_AR/02_add_debt_ar_google_1080x1920.png,1080,1920,PNG,none,133534,04_SOURCE_SCREENSHOTS/ANDROID/AR/02_add_debt_ar.png,سجّل الدين في ثوانٍ,نموذج إضافة دين في ذِمّة مع اختيار الطرف الآخر والمبلغ وتاريخ الاستحقاق.,Google Play Console > Main store listing > Phone screenshots > Arabic (ar),05_NANO_BANANA_PROMPTS/GOOGLE_PLAY/02_add_debt_ar_google_nano_banana_prompt.md,06_VALIDATION/dimension_report.csv
03,Google Play,Phone,ar,People,01_GOOGLE_PLAY/PHONE_AR/03_people_ar_google_1080x1920.png,1080,1920,PNG,none,161871,04_SOURCE_SCREENSHOTS/ANDROID/AR/03_people_ar.png,كل شخص وسجله بوضوح,شاشة الأشخاص في ذِمّة تعرض كل شخص ورصيده من الديون.,Google Play Console > Main store listing > Phone screenshots > Arabic (ar),05_NANO_BANANA_PROMPTS/GOOGLE_PLAY/03_people_ar_google_nano_banana_prompt.md,06_VALIDATION/dimension_report.csv
04,Google Play,Phone,ar,Debt detail,01_GOOGLE_PLAY/PHONE_AR/04_debt_detail_ar_google_1080x1920.png,1080,1920,PNG,none,222322,04_SOURCE_SCREENSHOTS/ANDROID/AR/04_debt_detail_ar.png,تابع المدفوع والمتبقي,تفاصيل دين في ذِمّة تعرض الدفعات المسجلة والمبلغ المتبقي.,Google Play Console > Main store listing > Phone screenshots > Arabic (ar),05_NANO_BANANA_PROMPTS/GOOGLE_PLAY/04_debt_detail_ar_google_nano_banana_prompt.md,06_VALIDATION/dimension_report.csv
05,Google Play,Phone,ar,Obligations,01_GOOGLE_PLAY/PHONE_AR/05_obligations_ar_google_1080x1920.png,1080,1920,PNG,none,236378,04_SOURCE_SCREENSHOTS/ANDROID/AR/05_obligations_ar.png,التزاماتك الشهرية تحت السيطرة,شاشة الالتزامات في ذِمّة تعرض الأقساط والالتزامات الشهرية وحالة كل منها.,Google Play Console > Main store listing > Phone screenshots > Arabic (ar),05_NANO_BANANA_PROMPTS/GOOGLE_PLAY/05_obligations_ar_google_nano_banana_prompt.md,06_VALIDATION/dimension_report.csv
06,Google Play,Phone,ar,Ledger,01_GOOGLE_PLAY/PHONE_AR/06_ledger_ar_google_1080x1920.png,1080,1920,PNG,none,194966,04_SOURCE_SCREENSHOTS/ANDROID/AR/06_ledger_ar.png,كل سجلك في مكان واحد,سجل ذِمّة الكامل لقائمة الديون مع حالتها ومبالغها.,Google Play Console > Main store listing > Phone screenshots > Arabic (ar),05_NANO_BANANA_PROMPTS/GOOGLE_PLAY/06_ledger_ar_google_nano_banana_prompt.md,06_VALIDATION/dimension_report.csv
07,Google Play,Phone,ar,Backup,01_GOOGLE_PLAY/PHONE_AR/07_backup_ar_google_1080x1920.png,1080,1920,PNG,none,248594,04_SOURCE_SCREENSHOTS/ANDROID/AR/08_backup_ar.png,بياناتك معك دائمًا,شاشة النسخ الاحتياطي في ذِمّة مع حالة آخر نسخة وخيارات التصدير.,Google Play Console > Main store listing > Phone screenshots > Arabic (ar),05_NANO_BANANA_PROMPTS/GOOGLE_PLAY/07_backup_ar_google_nano_banana_prompt.md,06_VALIDATION/dimension_report.csv
08,Google Play,Phone,ar,Reports,01_GOOGLE_PLAY/PHONE_AR/08_reports_ar_google_1080x1920.png,1080,1920,PNG,none,196841,04_SOURCE_SCREENSHOTS/ANDROID/AR/07_reports_ar.png,كشف حساب واضح تشاركه,شاشة التقارير في ذِمّة تعرض ملخص الشهر للديون والمدفوعات.,Google Play Console > Main store listing > Phone screenshots > Arabic (ar),05_NANO_BANANA_PROMPTS/GOOGLE_PLAY/08_reports_ar_google_nano_banana_prompt.md,06_VALIDATION/dimension_report.csv
01-alt,Google Play,Phone,ar,Dashboard (dark),01_GOOGLE_PLAY/PHONE_AR/ALTERNATES/01_dashboard_dark_ar_google_1080x1920.png,1080,1920,PNG,none,246972,04_SOURCE_SCREENSHOTS/ANDROID/AR/01_dashboard_dark_ar.png,مريح للعين ليلًا,لوحة ذِمّة بالوضع الداكن تعرض ما للمستخدم وما عليه.,"Google Play Console > Main store listing > Phone screenshots > Arabic (ar) — alternate, not part of the numbered set",05_NANO_BANANA_PROMPTS/GOOGLE_PLAY/01_dashboard_dark_ar_google_nano_banana_prompt.md,06_VALIDATION/dimension_report.csv
01,Google Play,Phone,en,Dashboard,01_GOOGLE_PLAY/PHONE_EN/01_dashboard_en_google_1080x1920.png,1080,1920,PNG,none,233074,04_SOURCE_SCREENSHOTS/ANDROID/EN/01_dashboard_en.png,"Know what you owe, and what you're owed","Dhimmah dashboard showing what you owe, what is owed to you, and items needing attention.",Google Play Console > Main store listing > Phone screenshots > English (en),05_NANO_BANANA_PROMPTS/GOOGLE_PLAY/01_dashboard_en_google_nano_banana_prompt.md,06_VALIDATION/dimension_report.csv
02,Google Play,Phone,en,Add debt,01_GOOGLE_PLAY/PHONE_EN/02_add_debt_en_google_1080x1920.png,1080,1920,PNG,none,128987,04_SOURCE_SCREENSHOTS/ANDROID/EN/02_add_debt_en.png,Record a debt in seconds,"Dhimmah's add-debt form with the other party, the amount and the due date.",Google Play Console > Main store listing > Phone screenshots > English (en),05_NANO_BANANA_PROMPTS/GOOGLE_PLAY/02_add_debt_en_google_nano_banana_prompt.md,06_VALIDATION/dimension_report.csv
03,Google Play,Phone,en,People,01_GOOGLE_PLAY/PHONE_EN/03_people_en_google_1080x1920.png,1080,1920,PNG,none,152331,04_SOURCE_SCREENSHOTS/ANDROID/EN/03_people_en.png,"Every person, their own record",Dhimmah's people screen listing each person with their balance.,Google Play Console > Main store listing > Phone screenshots > English (en),05_NANO_BANANA_PROMPTS/GOOGLE_PLAY/03_people_en_google_nano_banana_prompt.md,06_VALIDATION/dimension_report.csv
04,Google Play,Phone,en,Debt detail,01_GOOGLE_PLAY/PHONE_EN/04_debt_detail_en_google_1080x1920.png,1080,1920,PNG,none,208118,04_SOURCE_SCREENSHOTS/ANDROID/EN/04_debt_detail_en.png,Track what's paid and what's left,A Dhimmah debt detail showing recorded payments and the remaining amount.,Google Play Console > Main store listing > Phone screenshots > English (en),05_NANO_BANANA_PROMPTS/GOOGLE_PLAY/04_debt_detail_en_google_nano_banana_prompt.md,06_VALIDATION/dimension_report.csv
05,Google Play,Phone,en,Obligations,01_GOOGLE_PLAY/PHONE_EN/05_obligations_en_google_1080x1920.png,1080,1920,PNG,none,215166,04_SOURCE_SCREENSHOTS/ANDROID/EN/05_obligations_en.png,"Your recurring commitments, in order",Dhimmah's obligations screen showing monthly commitments and their status.,Google Play Console > Main store listing > Phone screenshots > English (en),05_NANO_BANANA_PROMPTS/GOOGLE_PLAY/05_obligations_en_google_nano_banana_prompt.md,06_VALIDATION/dimension_report.csv
06,Google Play,Phone,en,Ledger,01_GOOGLE_PLAY/PHONE_EN/06_ledger_en_google_1080x1920.png,1080,1920,PNG,none,198052,04_SOURCE_SCREENSHOTS/ANDROID/EN/06_ledger_en.png,Your whole ledger in one place,Dhimmah's full ledger listing debts with their status and amounts.,Google Play Console > Main store listing > Phone screenshots > English (en),05_NANO_BANANA_PROMPTS/GOOGLE_PLAY/06_ledger_en_google_nano_banana_prompt.md,06_VALIDATION/dimension_report.csv
07,Google Play,Phone,en,Backup,01_GOOGLE_PLAY/PHONE_EN/07_backup_en_google_1080x1920.png,1080,1920,PNG,none,269385,04_SOURCE_SCREENSHOTS/ANDROID/EN/08_backup_en.png,Your data stays yours,Dhimmah's backup screen with the last snapshot's status and export options.,Google Play Console > Main store listing > Phone screenshots > English (en),05_NANO_BANANA_PROMPTS/GOOGLE_PLAY/07_backup_en_google_nano_banana_prompt.md,06_VALIDATION/dimension_report.csv
08,Google Play,Phone,en,Reports,01_GOOGLE_PLAY/PHONE_EN/08_reports_en_google_1080x1920.png,1080,1920,PNG,none,178025,04_SOURCE_SCREENSHOTS/ANDROID/EN/07_reports_en.png,A clear statement you can share,Dhimmah's reports screen with the month's summary of debts and payments.,Google Play Console > Main store listing > Phone screenshots > English (en),05_NANO_BANANA_PROMPTS/GOOGLE_PLAY/08_reports_en_google_nano_banana_prompt.md,06_VALIDATION/dimension_report.csv
01-alt,Google Play,Phone,en,Dashboard (dark),01_GOOGLE_PLAY/PHONE_EN/ALTERNATES/01_dashboard_dark_en_google_1080x1920.png,1080,1920,PNG,none,233477,04_SOURCE_SCREENSHOTS/ANDROID/EN/01_dashboard_dark_en.png,Easy on the eyes at night,Dhimmah's dashboard in dark mode showing what you owe and what you're owed.,"Google Play Console > Main store listing > Phone screenshots > English (en) — alternate, not part of the numbered set",05_NANO_BANANA_PROMPTS/GOOGLE_PLAY/01_dashboard_dark_en_google_nano_banana_prompt.md,06_VALIDATION/dimension_report.csv
feature,Google Play,All,ar,Feature graphic,01_GOOGLE_PLAY/FEATURE_GRAPHIC_AR/feature_graphic_ar_1024x500.png,1024,500,PNG,none,62844,assets/icon/icon_mark.png,ذِمّة,شعار ذِمّة واسمها على خلفية ورقية دافئة.,Google Play Console > Main store listing > Feature graphic > Arabic (ar),05_NANO_BANANA_PROMPTS/GOOGLE_PLAY/feature_graphic_ar_google_nano_banana_prompt.md,06_VALIDATION/dimension_report.csv
feature,Google Play,All,en,Feature graphic,01_GOOGLE_PLAY/FEATURE_GRAPHIC_EN/feature_graphic_en_1024x500.png,1024,500,PNG,none,62129,assets/icon/icon_mark.png,Dhimmah,The Dhimmah mark and wordmark on a warm paper background.,Google Play Console > Main store listing > Feature graphic > English (en),05_NANO_BANANA_PROMPTS/GOOGLE_PLAY/feature_graphic_en_google_nano_banana_prompt.md,06_VALIDATION/dimension_report.csv
icon,Google Play,All,—,Store icon,03_ICONS/GOOGLE_PLAY/icon_512x512.png,512,512,PNG,allowed,295025,assets/icon/icon.png,—,The Dhimmah app icon: a green wallet holding a receipt and a coin.,Google Play Console > Main store listing > App icon,—,06_VALIDATION/dimension_report.csv
icon,Apple App Store,iPhone / iPad,—,App icon,03_ICONS/APPLE/icon_1024x1024.png,1024,1024,PNG,none,1020675,assets/icon/icon_square.png,—,—,App Store Connect > App icon (1024×1024),—,06_VALIDATION/dimension_report.csv
